epoch,train_CE,train_L_logits,train_L_feat,train_acc,val_CE,val_L_logits,val_L_feat,val_acc
1,0.7880312102906247,0.06558646442011949,0.21761024521386368,0.71425,0.5383955133812768,0.0,0.0,0.8004694835680751
2,0.5337652017144446,0.14862132964140556,0.15090201180824575,0.8735,0.45619630600724903,0.0,0.0,0.8356807511737089
3,0.4733633571799765,0.23082039108935823,0.11433747188842043,0.90825,0.388963771717889,0.0,0.0,0.8591549295774648
4,0.4301030629492821,0.2699827666770905,0.09862163829359602,0.9313333333333333,0.2648146471806935,0.0,0.0,0.9131455399061033
5,0.3939920313497807,0.26710225839881185,0.08425399980091668,0.9545,0.25052845052310396,0.0,0.0,0.9154929577464789
6,0.3791279028704826,0.2585761275221693,0.0742580163827602,0.962,0.15346404910087585,0.0,0.0,0.9647887323943662
7,0.36687741000601587,0.24546627866777967,0.06725347680138781,0.9674166666666667,0.17095791122743062,0.0,0.0,0.9553990610328639
8,0.35921619436208235,0.22919589209746807,0.06111208614992335,0.9716666666666667,0.1425911390355655,0.0,0.0,0.9671361502347418
9,0.3480425584823527,0.22212643406175553,0.058549929885788166,0.978,0.1554917118379048,0.0,0.0,0.9671361502347418
10,0.33943394888588724,0.22349856001265506,0.05510073535619898,0.98125,0.13343381775277002,0.0,0.0,0.9694835680751174
11,0.34239859181515714,0.2136687416028469,0.05159994617025269,0.9805,0.17728089009012496,0.0,0.0,0.9553990610328639
12,0.33532566704014516,0.2159830315950069,0.04984714756620691,0.9831666666666666,0.1328205168247223,0.0,0.0,0.9765258215962441
13,0.32931837296866356,0.21783086720933306,0.04876592731539239,0.987,0.14224592170545033,0.0,0.0,0.9741784037558685
14,0.3324045326481474,0.21819985689634971,0.04815287525428737,0.98475,0.10757807748658317,0.0,0.0,0.9812206572769953
15,0.32665764175831,0.21718564015278158,0.046962310540232255,0.987,0.13461274334362575,0.0,0.0,0.9694835680751174
16,0.3286653682589531,0.2121264583411369,0.045815537782742624,0.98675,0.12390871026686259,0.0,0.0,0.9835680751173709
17,0.32333979819049224,0.2241968924694873,0.046613195336404,0.9895,0.09910786684070315,0.0,0.0,0.9882629107981221
18,0.3220419918603085,0.2252271606567058,0.045903863623104196,0.9900833333333333,0.106882957475526,0.0,0.0,0.9859154929577465
19,0.3196067898831469,0.2277540829270444,0.04557848503773517,0.99025,0.11582973705870765,0.0,0.0,0.9835680751173709
20,0.31635321026786845,0.23249004012409677,0.04534047534887461,0.99225,0.10471958028418678,0.0,0.0,0.9835680751173709
21,0.3179624351732274,0.22432060016596572,0.04393607883298017,0.99025,0.10148513529981885,0.0,0.0,0.9906103286384976
22,0.3111937605637185,0.2203882243880566,0.043118938565888304,0.9935833333333334,0.09481798751013619,0.0,0.0,0.9882629107981221
23,0.314420961477655,0.2287182645436297,0.043880133433861934,0.99275,0.11012646343026843,0.0,0.0,0.9788732394366197
24,0.3168149522327362,0.22491863885141433,0.04313750315378321,0.9920833333333333,0.10699841592993055,0.0,0.0,0.9882629107981221
25,0.3129900202472159,0.22868119330799325,0.042840504107323096,0.9929166666666667,0.09181439344372068,0.0,0.0,0.9906103286384976
26,0.3104882869631686,0.2249704581150349,0.042370500102480675,0.9940833333333333,0.10550834451402936,0.0,0.0,0.9835680751173709
27,0.31139331231725975,0.22298401958764869,0.042083555872135976,0.9935,0.10517368891409465,0.0,0.0,0.9906103286384976
28,0.3080097787240718,0.2216778408656729,0.04157114143859833,0.99525,0.09233294533831733,0.0,0.0,0.9835680751173709
29,0.3092657196077895,0.2229655457937971,0.04165081885900903,0.9941666666666666,0.08853850034730774,0.0,0.0,0.9906103286384976
30,0.30694198846182924,0.22777679499159467,0.040980249019141525,0.9955833333333334,0.11259397225720542,0.0,0.0,0.9788732394366197
31,0.30830551604641243,0.2187677449843985,0.040836809440813165,0.9946666666666667,0.09826055381979261,0.0,0.0,0.9906103286384976
32,0.3077635587529933,0.20386043920161875,0.039380316880155114,0.9946666666666667,0.10321843091930662,0.0,0.0,0.9882629107981221
33,0.3058586342537657,0.20402253149671756,0.039146228633979534,0.9964166666666666,0.09624534632478442,0.0,0.0,0.9859154929577465
34,0.30617804365589263,0.20946890837017526,0.03937498496924626,0.9953333333333333,0.08916547202638217,0.0,0.0,0.9929577464788732
35,0.30449845277248544,0.21568562427258237,0.04017943853234991,0.9966666666666667,0.09744436293840408,0.0,0.0,0.9882629107981221
36,0.3029836078590535,0.21899252305639552,0.04040757538948921,0.9975,0.09923126016344343,0.0,0.0,0.9859154929577465
37,0.30373637853784763,0.20859028153279993,0.03930336287482939,0.9970833333333333,0.09637491830757686,0.0,0.0,0.9882629107981221
38,0.30406782062763865,0.19986211603626292,0.038512773593848054,0.9966666666666667,0.08760028279253415,0.0,0.0,0.9929577464788732
39,0.3038841016749118,0.20310756445248077,0.03809597819766149,0.9965,0.09976935386657715,0.0,0.0,0.9859154929577465
40,0.3022817647520532,0.19990354205699676,0.03769453010581275,0.9973333333333333,0.09358255032982145,0.0,0.0,0.9906103286384976
41,0.30396921377866826,0.20399248469224635,0.038060153844429456,0.9964166666666666,0.09642332047224045,0.0,0.0,0.9882629107981221
42,0.3026863847007143,0.1984624784598325,0.03748007620030895,0.9969166666666667,0.0881571237530027,0.0,0.0,0.9953051643192489
43,0.3015272305049795,0.2009136362912807,0.03713603814112696,0.9978333333333333,0.09073176447834287,0.0,0.0,0.9882629107981221
44,0.30158231217176357,0.1935493542238119,0.03700726368325822,0.9975,0.09093396578516279,0.0,0.0,0.9929577464788732
45,0.30090705004144225,0.1898952738798045,0.03623102252629209,0.99775,0.09062879851886205,0.0,0.0,0.9929577464788732
46,0.3014925035073402,0.19831778501418043,0.03701819422991669,0.9975,0.09398696145841054,0.0,0.0,0.9929577464788732
47,0.3007153324941371,0.19333985570738924,0.03733957998771617,0.9979166666666667,0.09266975575259753,0.0,0.0,0.9906103286384976
48,0.30222705450463805,0.19428096434220354,0.03722008767517957,0.99675,0.09138825429337365,0.0,0.0,0.9906103286384976
49,0.30096904711520417,0.19313943524785498,0.036538349484351085,0.9979166666666667,0.08735701122454234,0.0,0.0,0.9929577464788732
50,0.3008148459360955,0.18785878282753712,0.035685531160932905,0.9976666666666667,0.09190981941563743,0.0,0.0,0.9906103286384976
51,0.2993308827280998,0.1894906506021606,0.03581544092083548,0.9985833333333334,0.09098258508103234,0.0,0.0,0.9906103286384976
52,0.299472210889167,0.18643161349315593,0.03530023146935917,0.9985833333333334,0.08662222645112447,0.0,0.0,0.9929577464788732
53,0.302002026362622,0.1814216435589689,0.03450551499275768,0.9975,0.09233101670231138,0.0,0.0,0.9906103286384976
54,0.29948115697566496,0.18880156134354306,0.03553611583056602,0.9984166666666666,0.09568814933300018,0.0,0.0,0.9882629107981221
55,0.2996869353537864,0.1785075014575999,0.03466938548978973,0.99825,0.09242225012608937,0.0,0.0,0.9906103286384976
56,0.2993800692418788,0.18175867108747046,0.03495111121261056,0.9983333333333333,0.0888313672372273,0.0,0.0,0.9929577464788732
57,0.3002331405878067,0.17856815770426962,0.034405867370994804,0.998,0.09055178825344358,0.0,0.0,0.9953051643192489
58,0.2989162780503009,0.1778288011617483,0.034255037678683056,0.99875,0.09184659804616656,0.0,0.0,0.9906103286384976
59,0.29863477973861896,0.1772845276889015,0.033684964559258936,0.9986666666666667,0.08982601974691663,0.0,0.0,0.9929577464788732
60,0.29824640538464203,0.17407835825802165,0.03341426877701219,0.99875,0.09283739860568728,0.0,0.0,0.9906103286384976
61,0.2983923250056328,0.1718458032750703,0.032933255399953815,0.9988333333333334,0.1020644839320864,0.0,0.0,0.9859154929577465
62,0.2981861295535209,0.17182213456389753,0.03304010257124901,0.9990833333333333,0.09814849283014025,0.0,0.0,0.9859154929577465
63,0.2981748328881061,0.1674288689218303,0.03244949079693315,0.9986666666666667,0.09731072134205274,0.0,0.0,0.9882629107981221
64,0.298669344884284,0.17336562224366564,0.03336297790024509,0.9986666666666667,0.09672125003167562,0.0,0.0,0.9882629107981221
65,0.2983400186008595,0.17038747485964856,0.03343446865836357,0.9988333333333334,0.0939813181757927,0.0,0.0,0.9882629107981221
66,0.2981683109351929,0.16411205698200998,0.03245522025378143,0.9989166666666667,0.09718364157846995,0.0,0.0,0.9882629107981221
67,0.29781450790927766,0.16691407858532795,0.03255014544590674,0.9990833333333333,0.09330142289400101,0.0,0.0,0.9882629107981221
68,0.29788008126172616,0.16762390839768218,0.03251896462740099,0.999,0.09144263714551926,0.0,0.0,0.9906103286384976
69,0.298422098635359,0.16331435002862138,0.032160661827297286,0.999,0.09390928383384432,0.0,0.0,0.9882629107981221
70,0.2982748824548214,0.16795966825745207,0.032660603899746496,0.9989166666666667,0.0926844956619399,0.0,0.0,0.9882629107981221
71,0.29770107155150555,0.16031058437805226,0.03169996035780678,0.99925,0.09362558807645525,0.0,0.0,0.9882629107981221
72,0.29787637103111186,0.16189053959827474,0.031981554744329226,0.9988333333333334,0.08785226994327136,0.0,0.0,0.9906103286384976
73,0.2980733834048535,0.1582744594742643,0.031555455663499044,0.9988333333333334,0.09515641097511564,0.0,0.0,0.9882629107981221
74,0.2981847708529614,0.15757223860697545,0.031149312556582563,0.9985,0.09358646720647812,0.0,0.0,0.9882629107981221
75,0.2973495894607077,0.15636799100073093,0.03068956351303991,0.9991666666666666,0.09097501103367124,0.0,0.0,0.9882629107981221
76,0.29756124872476497,0.15712937324288043,0.031195005045292226,0.9991666666666666,0.0991172684090478,0.0,0.0,0.9882629107981221
77,0.2977182394329538,0.1571519174315828,0.031092988198345647,0.9991666666666666,0.09356310325009483,0.0,0.0,0.9882629107981221
78,0.2983013191755782,0.1571036565335507,0.03110612776288961,0.9985,0.09307589488370079,0.0,0.0,0.9882629107981221
79,0.2973581831505958,0.15330472168453196,0.03062585993927527,0.9990833333333333,0.08565281650849751,0.0,0.0,0.9906103286384976
80,0.2980776866699787,0.15481467648072444,0.030708255860558215,0.9988333333333334,0.09152587609631675,0.0,0.0,0.9882629107981221
81,0.2970628299294634,0.15404628292518727,0.030453481166524455,0.9994166666666666,0.08801245795828956,0.0,0.0,0.9929577464788732
82,0.2972154767906412,0.15154425348056125,0.03039418888139598,0.9990833333333333,0.09541618930441993,0.0,0.0,0.9882629107981221
83,0.29693961127641355,0.14920913237840572,0.030246409389408344,0.9991666666666666,0.09124521698270525,0.0,0.0,0.9882629107981221
84,0.2972667948045629,0.14946054263000794,0.03009674355308426,0.9988333333333334,0.08867709657975606,0.0,0.0,0.9906103286384976
85,0.29713853163287995,0.14613586763276698,0.029980004239985918,0.9989166666666667,0.09287680579083306,0.0,0.0,0.9882629107981221
86,0.2973315053163691,0.14777161018486987,0.029929886086586307,0.999,0.09445186385086604,0.0,0.0,0.9882629107981221
87,0.2974338834273054,0.15244703866699907,0.030430256161204677,0.9991666666666666,0.09340621158480644,0.0,0.0,0.9882629107981221
88,0.29685945793035184,0.14660101423555233,0.029667510244836832,0.9991666666666666,0.0938844478556088,0.0,0.0,0.9882629107981221
89,0.2972760227449397,0.14928309999881906,0.030137749844567574,0.99925,0.09474882909229823,0.0,0.0,0.9882629107981221
90,0.2971086625723129,0.14765098992180317,0.030030308023808485,0.99925,0.09597310956035342,0.0,0.0,0.9882629107981221
91,0.2972583494921948,0.14841008745133877,0.029996370510297254,0.9990833333333333,0.09292272584778923,0.0,0.0,0.9882629107981221
92,0.2972743289267763,0.14638022309605112,0.02980682536206664,0.9993333333333333,0.0903343888265746,0.0,0.0,0.9906103286384976
93,0.29712313191687806,0.147908465619734,0.02979086986445683,0.9991666666666666,0.09239731516156878,0.0,0.0,0.9882629107981221
94,0.2971333322372842,0.14212836757143762,0.02920435010356472,0.9991666666666666,0.08894190085785729,0.0,0.0,0.9906103286384976
95,0.29656728325372045,0.14471479493411296,0.0295392940950362,0.9991666666666666,0.09092780415500913,0.0,0.0,0.9882629107981221
96,0.29626829113731995,0.1457377202174765,0.02952331725626867,0.9994166666666666,0.09325625215257917,0.0,0.0,0.9882629107981221
97,0.29651945020924225,0.14206793127541847,0.029202527802516805,0.9993333333333333,0.09144814099584307,0.0,0.0,0.9882629107981221
98,0.29667041656818793,0.1442170613148111,0.02944188549163494,0.9991666666666666,0.09324162985597338,0.0,0.0,0.9882629107981221
99,0.2969162686074034,0.14597747383758108,0.02966640615201694,0.99925,0.09056364744901657,0.0,0.0,0.9882629107981221
100,0.29709516196174823,0.14513364125122416,0.029723644722253084,0.9990833333333333,0.09475213076387133,0.0,0.0,0.9882629107981221
